molecule_chembl_id,pref_name,molecule_type,max_phase,structure_type,molecule_properties,molecule_structures,molecule_hierarchy,atc_classifications,molecule_synonyms,cross_references,pubchem_cid,helm_notation,hash_row,hash_business_key,index,database_version,extracted_at
CHEMBL105457,,small molecule,,mol,alogp:0.45|aromatic_rings:0|full_molformula:c8h18no2+|full_mwt:160.24|hba:2|hbd:0|heavy_atoms:11|mw_freebase:160.24|np_likeness_score:1.21|num_ro5_violations:0|psa:18.46|qed_weighted:0.55|ro3_pass:y|rtb:2,"canonical_smiles:C[C@H]1OC[C@@H](C[N+](C)(C)C)O1|molfile:
     RDKit          2D

 11 11  0  0  1  0  0  0  0  0999 V2000
   -2.5382    0.9127    0.0000 C   0  0  0  0  0  0  0  0  0  0  0  0
   -1.8759    0.4208    0.0000 O   0  0  0  0  0  0  0  0  0  0  0  0
   -1.2022    0.8972    0.0000 C   0  0  0  0  0  0  0  0  0  0  0  0
   -1.4493    1.6871    0.0000 C   0  0  0  0  0  0  0  0  0  0  0  0
   -2.2734    1.6928    0.0000 O   0  0  0  0  0  0  0  0  0  0  0  0
   -0.4961    0.4713    0.0000 C   0  0  0  0  0  0  0  0  0  0  0  0
   -3.3258    0.6670    0.0000 C   0  0  0  0  0  0  0  0  0  0  0  0
   -0.5113   -0.3536    0.0000 N   0  0  0  0  0  0  0  0  0  0  0  0
   -0.4778   -1.1747    0.0000 C   0  0  0  0  0  0  0  0  0  0  0  0
   -1.3362   -0.3628    0.0000 C   0  0  0  0  0  0  0  0  0  0  0  0
    0.3137   -0.3477    0.0000 C   0  0  0  0  0  0  0  0  0  0  0  0
  1  2  1  0
  3  6  1  1
  1  7  1  1
  2  3  1  0
  6  8  1  0
  3  4  1  0
  8  9  1  0
  4  5  1  0
  8 10  1  0
  5  1  1  0
  8 11  1  0
M  CHG  1   8   1
M  END
> <chembl_id>
CHEMBL105457

> <chembl_pref_name>
None|standard_inchi:InChI=1S/C8H18NO2/c1-7-10-6-8(11-7)5-9(2,3)4/h7-8H,5-6H2,1-4H3/q+1/t7-,8+/m0/s1|standard_inchi_key:COSSAOQSSXDIQW-JGVFFNPUSA-N",active_chembl_id:chembl105457|molecule_chembl_id:chembl105457|parent_chembl_id:chembl105457,,,,,,24ea9fca97fc05de38d8f20650644c2a8c2c51b68b3393038e4bff3f9db041c3,3c686372cac21443ab7437fea1a79d1a0e24a036fdefe10f0c066aabc2b6e18b,4,ChEMBL_36,2025-12-05T16:20:07.089457+00:00
CHEMBL1255588,,small molecule,,mol,alogp:4.84|aromatic_rings:2|full_molformula:c25h31no|full_mwt:361.53|hba:2|hbd:1|heavy_atoms:27|mw_freebase:361.53|np_likeness_score:0.95|num_ro5_violations:0|psa:23.47|qed_weighted:0.73|ro3_pass:n|rtb:0,"canonical_smiles:CC(C)(C)[C@@]1(O)CCN2C[C@@H]3c4ccccc4CCc4cccc(c43)[C@H]2C1|molfile:
     RDKit          2D

 29 33  0  0  0  0  0  0  0  0999 V2000
    1.9048   -1.1826    0.0000 C   0  0  0  0  0  0  0  0  0  0  0  0
    1.2183   -0.7797    0.0000 C   0  0  0  0  0  0  0  0  0  0  0  0
    1.2308    0.0692    0.0000 C   0  0  0  0  0  0  0  0  0  0  0  0
    1.8679    0.5967    0.0000 C   0  0  0  0  0  0  0  0  0  0  0  0
    2.6750    0.4266    0.0000 C   0  0  0  0  0  0  0  0  0  0  0  0
    0.4785    0.3921    0.0000 C   0  0  0  0  0  0  0  0  0  0  0  0
   -0.2379   -0.0211    0.0000 C   0  0  0  0  0  0  0  0  0  0  0  0
   -0.2350   -0.8515    0.0000 C   0  0  0  0  0  0  0  0  0  0  0  0
    0.5036   -1.2191    0.0000 C   0  0  0  0  0  0  0  0  0  0  0  0
    1.8983   -2.0736    0.0000 C   0  0  0  0  0  0  0  0  0  0  0  0
    1.1890   -2.4822    0.0000 N   0  0  0  0  0  0  0  0  0  0  0  0
    0.4842   -2.0715    0.0000 C   0  0  0  0  0  0  0  0  0  0  0  0
   -0.2200   -2.4742    0.0000 C   0  0  0  0  0  0  0  0  0  0  0  0
   -0.2255   -3.2894    0.0000 C   0  0  0  0  0  0  0  0  0  0  0  0
    0.4793   -3.7001    0.0000 C   0  0  0  0  0  0  0  0  0  0  0  0
    1.1897   -3.2957    0.0000 C   0  0  0  0  0  0  0  0  0  0  0  0
   -0.9341   -2.8810    0.0000 C   0  0  0  0  0  0  0  0  0  0  0  0
   -1.6482   -3.2941    0.0000 C   0  0  0  0  0  0  0  0  0  0  0  0
   -0.9348   -2.0560    0.0000 C   0  0  0  0  0  0  0  0  0  0  0  0
   -1.6465   -2.4686    0.0000 C   0  0  0  0  0  0  0  0  0  0  0  0
   -0.2259   -1.6603    0.0000 H   0  0  0  0  0  0  0  0  0  0  0  0
    3.0464   -0.3089    0.0000 C   0  0  0  0  0  0  0  0  0  0  0  0
    2.6977   -1.0607    0.0000 C   0  0  0  0  0  0  0  0  0  0  0  0
    3.1742   -1.7364    0.0000 C   0  0  0  0  0  0  0  0  0  0  0  0
    3.9993   -1.6616    0.0000 C   0  0  0  0  0  0  0  0  0  0  0  0
    4.3457   -0.9053    0.0000 C   0  0  0  0  0  0  0  0  0  0  0  0
    3.8671   -0.2327    0.0000 C   0  0  0  0  0  0  0  0  0  0  0  0
    2.4905   -1.8436    0.0000 H   0  0  0  0  0  0  0  0  0  0  0  0
   -0.2176   -4.1184    0.0000 O   0  0  0  0  0  0  0  0  0  0  0  0
 23  1  1  0
  1  2  1  0
  2  3  2  0
  3  4  1  0
 22  5  1  0
  4  5  1  0
  3  6  1  0
  6  7  2  0
  7  8  1  0
  8  9  2  0
  2  9  1  0
  9 12  1  0
 11 10  1  0
 10  1  1  0
 11 12  1  0
 11 16  1  0
 12 13  1  0
 13 14  1  0
 14 15  1  0
 15 16  1  0
 14 17  1  0
 17 18  1  0
 17 19  1  0
 17 20  1  0
 12 21  1  1
 22 23  2  0
 23 24  1  0
 24 25  2  0
 25 26  1  0
 26 27  2  0
 27 22  1  0
  1 28  1  6
 14 29  1  1
M  END
> <chembl_id>
CHEMBL1255588

> <chembl_pref_name>
None|standard_inchi:InChI=1S/C25H31NO/c1-24(2,3)25(27)13-14-26-16-21-19-9-5-4-7-17(19)11-12-18-8-6-10-20(23(18)21)22(26)15-25/h4-10,21-22,27H,11-16H2,1-3H3/t21-,22-,25-/m1/s1|standard_inchi_key:ZZJYIKPMDIWRSN-TZBSWOFLSA-N",active_chembl_id:chembl1255588|molecule_chembl_id:chembl1255588|parent_chembl_id:chembl1255588,,,,,,1c01605179522ad596931b230fb5c93048c9551283ad034407639de89e3ccfae,d77c7e76c71ee98c757ebb4999fc47e6e63189c0cf8b20af9e4198116db3c19c,8,ChEMBL_36,2025-12-05T16:20:07.089457+00:00
CHEMBL129482,(+)-epicatechin,small molecule,2.0,mol,alogp:1.55|aromatic_rings:2|full_molformula:c15h14o6|full_mwt:290.27|hba:6|hbd:5|heavy_atoms:21|mw_freebase:290.27|np_likeness_score:2.30|num_ro5_violations:0|psa:110.38|qed_weighted:0.51|ro3_pass:n|rtb:1,"canonical_smiles:Oc1cc(O)c2c(c1)O[C@@H](c1ccc(O)c(O)c1)[C@@H](O)C2|molfile:
     RDKit          2D

 21 23  0  0  0  0  0  0  0  0999 V2000
    8.4685   -7.2476    0.0000 C   0  0  0  0  0  0  0  0  0  0  0  0
    8.4672   -8.0744    0.0000 C   0  0  0  0  0  0  0  0  0  0  0  0
    9.1795   -8.4868    0.0000 C   0  0  0  0  0  0  0  0  0  0  0  0
    9.1775   -6.8352    0.0000 C   0  0  0  0  0  0  0  0  0  0  0  0
    9.8949   -7.2437    0.0000 C   0  0  0  0  0  0  0  0  0  0  0  0
    9.8985   -8.0717    0.0000 C   0  0  0  0  0  0  0  0  0  0  0  0
   10.6136   -8.4804    0.0000 C   0  0  0  0  0  0  0  0  0  0  0  0
   11.3296   -8.0654    0.0000 C   0  0  0  0  0  0  0  0  0  0  0  0
   11.3259   -7.2373    0.0000 C   0  0  0  0  0  0  0  0  0  0  0  0
   10.6063   -6.8241    0.0000 O   0  0  0  0  0  0  0  0  0  0  0  0
   12.0361   -6.8248    0.0000 C   0  0  0  0  0  0  0  0  0  0  0  0
   12.7515   -7.2361    0.0000 C   0  0  0  0  0  0  0  0  0  0  0  0
   13.4633   -6.8223    0.0000 C   0  0  0  0  0  0  0  0  0  0  0  0
   13.4609   -5.9973    0.0000 C   0  0  0  0  0  0  0  0  0  0  0  0
   12.7407   -5.5878    0.0000 C   0  0  0  0  0  0  0  0  0  0  0  0
   12.0319   -6.0041    0.0000 C   0  0  0  0  0  0  0  0  0  0  0  0
    7.7545   -6.8361    0.0000 O   0  0  0  0  0  0  0  0  0  0  0  0
    9.1788   -9.3109    0.0000 O   0  0  0  0  0  0  0  0  0  0  0  0
   12.0445   -8.4753    0.0000 O   0  0  0  0  0  0  0  0  0  0  0  0
   14.1726   -5.5818    0.0000 O   0  0  0  0  0  0  0  0  0  0  0  0
   14.1782   -7.2322    0.0000 O   0  0  0  0  0  0  0  0  0  0  0  0
  9 10  1  0
  5  6  1  0
 11 12  2  0
  2  3  1  0
 12 13  1  0
  3  6  2  0
 13 14  2  0
  1  2  2  0
 14 15  1  0
  5  4  2  0
 15 16  2  0
 16 11  1  0
  9 11  1  1
  4  1  1  0
  1 17  1  0
  5 10  1  0
  3 18  1  0
  6  7  1  0
  8 19  1  1
  7  8  1  0
 14 20  1  0
  8  9  1  0
 13 21  1  0
M  END
> <chembl_id>
CHEMBL129482

> <chembl_pref_name>
(+)-EPICATECHIN|standard_inchi:InChI=1S/C15H14O6/c16-8-4-11(18)9-6-13(20)15(21-14(9)5-8)7-1-2-10(17)12(19)3-7/h1-5,13,15-20H,6H2/t13-,15-/m0/s1|standard_inchi_key:PFTAWBLQPZVEMU-ZFWWWQNUSA-N",active_chembl_id:chembl129482|molecule_chembl_id:chembl129482|parent_chembl_id:chembl129482,,molecule_synonym:dexepicatechin|syn_type:inn|synonyms:dexepicatechin|molecule_synonym:(+)-epicatechin|syn_type:other|synonyms:(+)-epicatechin,,,,bd92b62d6fc64944d4b7885867c5818a1860cfe382456924d73a3549029fbc4c,26bc27f4623163abc2abc7d91e76e7d687578a3c00c510f2ed2aa322a0351dd9,5,ChEMBL_36,2025-12-05T16:20:07.089457+00:00
CHEMBL129530,,small molecule,,mol,alogp:3.64|aromatic_rings:2|full_molformula:c23h29fn2o|full_mwt:368.50|hba:3|hbd:1|heavy_atoms:27|mw_freebase:368.50|np_likeness_score:-0.70|num_ro5_violations:0|psa:26.71|qed_weighted:0.89|ro3_pass:n|rtb:4,"canonical_smiles:O[C@@H]1CCN(Cc2ccc(F)cc2)C[C@H]1N1CCC(c2ccccc2)CC1|molfile:
     RDKit          2D

 27 30  0  0  0  0  0  0  0  0999 V2000
   20.7875    0.1583    0.0000 C   0  0  0  0  0  0  0  0  0  0  0  0
   22.2115   -0.6667    0.0000 C   0  0  0  0  0  0  0  0  0  0  0  0
   22.2115    0.1583    0.0000 C   0  0  0  0  0  0  0  0  0  0  0  0
   21.4995    0.5750    0.0000 C   0  0  0  0  0  0  0  0  0  0  0  0
   22.9272    0.5687    0.0000 O   0  0  0  0  0  0  0  0  0  0  0  0
   21.4995    1.4000    0.0000 N   0  0  0  0  0  0  0  0  0  0  0  0
   22.2155    1.8117    0.0000 C   0  0  0  0  0  0  0  0  0  0  0  0
   22.2175    2.6331    0.0000 C   0  0  0  0  0  0  0  0  0  0  0  0
   21.5049    3.0495    0.0000 C   0  0  0  0  0  0  0  0  0  0  0  0
   20.7886    2.6382    0.0000 C   0  0  0  0  0  0  0  0  0  0  0  0
   20.7849    1.8106    0.0000 C   0  0  0  0  0  0  0  0  0  0  0  0
   21.5081    3.8732    0.0000 C   0  0  0  0  0  0  0  0  0  0  0  0
   22.2257    4.2843    0.0000 C   0  0  0  0  0  0  0  0  0  0  0  0
   22.2292    5.1100    0.0000 C   0  0  0  0  0  0  0  0  0  0  0  0
   21.5157    5.5273    0.0000 C   0  0  0  0  0  0  0  0  0  0  0  0
   20.7973    5.1165    0.0000 C   0  0  0  0  0  0  0  0  0  0  0  0
   20.7974    4.2894    0.0000 C   0  0  0  0  0  0  0  0  0  0  0  0
   21.5008   -1.0810    0.0000 C   0  0  0  0  0  0  0  0  0  0  0  0
   20.7813   -0.6684    0.0000 N   0  0  0  0  0  0  0  0  0  0  0  0
   20.0659   -1.0792    0.0000 C   0  0  0  0  0  0  0  0  0  0  0  0
   20.0640   -1.9042    0.0000 C   0  0  0  0  0  0  0  0  0  0  0  0
   19.3456   -2.3119    0.0000 C   0  0  0  0  0  0  0  0  0  0  0  0
   19.3433   -3.1361    0.0000 C   0  0  0  0  0  0  0  0  0  0  0  0
   20.0574   -3.5511    0.0000 C   0  0  0  0  0  0  0  0  0  0  0  0
   20.7752   -3.1358    0.0000 C   0  0  0  0  0  0  0  0  0  0  0  0
   20.7739   -2.3129    0.0000 C   0  0  0  0  0  0  0  0  0  0  0  0
   20.0566   -4.3761    0.0000 F   0  0  0  0  0  0  0  0  0  0  0  0
 12 13  2  0
  4  6  1  1
 13 14  1  0
  6  7  1  0
 14 15  2  0
  1  4  1  0
 15 16  1  0
 18  2  1  0
 16 17  2  0
 17 12  1  0
  9 12  1  0
 18 19  1  0
  2  3  1  0
  3  4  1  0
 19 20  1  0
  6 11  1  0
 20 21  1  0
  7  8  1  0
 21 22  2  0
  8  9  1  0
 22 23  1  0
  9 10  1  0
 23 24  2  0
 10 11  1  0
 24 25  1  0
  3  5  1  6
 25 26  2  0
 26 21  1  0
  1 19  1  0
 24 27  1  0
M  END
> <chembl_id>
CHEMBL129530

> <chembl_pref_name>
None|standard_inchi:InChI=1S/C23H29FN2O/c24-21-8-6-18(7-9-21)16-25-13-12-23(27)22(17-25)26-14-10-20(11-15-26)19-4-2-1-3-5-19/h1-9,20,22-23,27H,10-17H2/t22-,23-/m1/s1|standard_inchi_key:HPZHSYBCGLDRCT-DHIUTWEWSA-N",active_chembl_id:chembl129530|molecule_chembl_id:chembl129530|parent_chembl_id:chembl129530,,,,,,42281263056b2f6a3ae53a259faa324946eadae60f2ad8f4bdd02bb59b351302,d0202973dcde92c9cadfd5aba64339f72aa74942c32c848aa746d903df727c2e,6,ChEMBL_36,2025-12-05T16:20:07.089457+00:00
CHEMBL2021616,,small molecule,,mol,alogp:4.47|aromatic_rings:2|full_molformula:c17h17cln2|full_mwt:284.79|hba:2|hbd:1|heavy_atoms:20|mw_freebase:284.79|np_likeness_score:0.03|num_ro5_violations:0|psa:38.91|qed_weighted:0.73|ro3_pass:n|rtb:0,"canonical_smiles:CC1=C[C@H]2Cc3nc4cc(Cl)ccc4c(N)c3[C@@H](C1)C2|molfile:
     RDKit          2D

 22 25  0  0  0  0  0  0  0  0999 V2000
   -0.9824  -15.7957    0.0000 N   0  0  0  0  0  0  0  0  0  0  0  0
   -0.9842  -14.1517    0.0000 C   0  0  0  0  0  0  0  0  0  0  0  0
   -0.2727  -14.5586    0.0000 C   0  0  0  0  0  0  0  0  0  0  0  0
   -0.2719  -15.3809    0.0000 C   0  0  0  0  0  0  0  0  0  0  0  0
    0.4395  -15.7897    0.0000 C   0  0  0  0  0  0  0  0  0  0  0  0
    1.1506  -15.3771    0.0000 C   0  0  0  0  0  0  0  0  0  0  0  0
    1.1458  -14.5517    0.0000 C   0  0  0  0  0  0  0  0  0  0  0  0
    0.4338  -14.1466    0.0000 C   0  0  0  0  0  0  0  0  0  0  0  0
   -1.6934  -15.3851    0.0000 C   0  0  0  0  0  0  0  0  0  0  0  0
   -2.2799  -15.9715    0.0000 C   0  0  0  0  0  0  0  0  0  0  0  0
   -3.1049  -15.9716    0.0000 C   0  0  0  0  0  0  0  0  0  0  0  0
   -1.6935  -14.5598    0.0000 C   0  0  0  0  0  0  0  0  0  0  0  0
   -2.2800  -13.9735    0.0000 C   0  0  0  0  0  0  0  0  0  0  0  0
   -3.1052  -13.9736    0.0000 C   0  0  0  0  0  0  0  0  0  0  0  0
   -3.6915  -14.5601    0.0000 C   0  0  0  0  0  0  0  0  0  0  0  0
   -3.6915  -15.3853    0.0000 C   0  0  0  0  0  0  0  0  0  0  0  0
    1.8628  -15.7847    0.0000 Cl  0  0  0  0  0  0  0  0  0  0  0  0
   -3.1205  -14.8358    0.0000 C   0  0  0  0  0  0  0  0  0  0  0  0
   -0.9853  -13.3312    0.0000 N   0  0  0  0  0  0  0  0  0  0  0  0
   -4.4495  -14.2462    0.0000 C   0  0  0  0  0  0  0  0  0  0  0  0
   -1.7897  -13.3155    0.0000 H   0  0  0  0  0  0  0  0  0  0  0  0
   -3.2102  -16.7853    0.0000 H   0  0  0  0  0  0  0  0  0  0  0  0
  4  5  1  0
  3  2  2  0
  5  6  2  0
  2 12  1  0
  6  7  1  0
  9 10  1  0
 10 11  1  0
  9 12  2  0
 12 13  1  0
 13 14  1  0
 14 15  1  0
 15 16  2  0
 16 11  1  0
  9  1  1  0
  6 17  1  0
  7  8  2  0
 11 18  1  0
 13 18  1  0
  8  3  1  0
  2 19  1  0
  1  4  2  0
 15 20  1  0
  3  4  1  0
 13 21  1  1
 11 22  1  1
M  END
> <chembl_id>
CHEMBL2021616

> <chembl_pref_name>
None|standard_inchi:InChI=1S/C17H17ClN2/c1-9-4-10-6-11(5-9)16-15(7-10)20-14-8-12(18)2-3-13(14)17(16)19/h2-4,8,10-11H,5-7H2,1H3,(H2,19,20)/t10-,11+/m1/s1|standard_inchi_key:UKCBMHDZLYYTMI-MNOVXSKESA-N",active_chembl_id:chembl2021616|molecule_chembl_id:chembl2021616|parent_chembl_id:chembl2021616,,,,,,a4063c972290b170afef205dcffad35d2ab014baa0cb5c5e4eacafcf73d3360d,93e8f2fa44c91425a3537d73780b6c767b1d09b895eb20c9ab23c8813a60d2d2,9,ChEMBL_36,2025-12-05T16:20:07.089457+00:00
CHEMBL267447,calanolide a,small molecule,1.0,mol,alogp:4.38|aromatic_rings:2|full_molformula:c22h26o5|full_mwt:370.45|hba:5|hbd:1|heavy_atoms:27|mw_freebase:370.45|np_likeness_score:2.40|num_ro5_violations:0|psa:68.90|qed_weighted:0.79|ro3_pass:n|rtb:2,"canonical_smiles:CCCc1cc(=O)oc2c3c(c4c(c12)OC(C)(C)C=C4)O[C@H](C)[C@@H](C)[C@@H]3O|molfile:
     RDKit          2D

 27 30  0  0  0  0  0  0  0  0999 V2000
   -0.6068   -0.0297    0.0000 C   0  0  0  0  0  0  0  0  0  0  0  0
   -0.6034   -0.8617    0.0000 C   0  0  0  0  0  0  0  0  0  0  0  0
    0.1150   -1.2725    0.0000 O   0  0  0  0  0  0  0  0  0  0  0  0
    0.8345   -0.8558    0.0000 C   0  0  0  0  0  0  0  0  0  0  0  0
    0.8310   -0.0238    0.0000 C   0  0  0  0  0  0  0  0  0  0  0  0
    0.1081    0.3916    0.0000 C   0  0  0  0  0  0  0  0  0  0  0  0
   -1.3195   -1.2720    0.0000 C   0  0  0  0  0  0  0  0  0  0  0  0
   -2.0367   -0.8611    0.0000 C   0  0  0  0  0  0  0  0  0  0  0  0
   -2.7471   -1.2744    0.0000 O   0  0  0  0  0  0  0  0  0  0  0  0
   -2.7467   -2.1003    0.0000 C   0  0  0  0  0  0  0  0  0  0  0  0
   -2.0296   -2.5112    0.0000 C   0  0  0  0  0  0  0  0  0  0  0  0
   -1.3129   -2.0962    0.0000 C   0  0  0  0  0  0  0  0  0  0  0  0
   -2.0324   -0.0333    0.0000 C   0  0  0  0  0  0  0  0  0  0  0  0
   -1.3222    0.3811    0.0000 C   0  0  0  0  0  0  0  0  0  0  0  0
   -1.3260    1.1988    0.0000 O   0  0  0  0  0  0  0  0  0  0  0  0
   -2.0383    1.6083    0.0000 C   0  0  0  0  0  0  0  0  0  0  0  0
   -2.7484    1.1939    0.0000 C   0  0  0  0  0  0  0  0  0  0  0  0
   -2.7463    0.3700    0.0000 C   0  0  0  0  0  0  0  0  0  0  0  0
   -2.4554    2.3264    0.0000 C   0  0  0  0  0  0  0  0  0  0  0  0
   -1.6313    2.3264    0.0000 C   0  0  0  0  0  0  0  0  0  0  0  0
    0.1036    1.2156    0.0000 C   0  0  0  0  0  0  0  0  0  0  0  0
    0.8149    1.6315    0.0000 C   0  0  0  0  0  0  0  0  0  0  0  0
    0.8104    2.4556    0.0000 C   0  0  0  0  0  0  0  0  0  0  0  0
    1.5492   -1.2659    0.0000 O   0  0  0  0  0  0  0  0  0  0  0  0
   -0.5974   -2.5049    0.0000 O   0  0  0  0  0  0  0  0  0  0  0  0
   -2.0278   -3.3352    0.0000 C   0  0  0  0  0  0  0  0  0  0  0  0
   -3.4596   -2.5136    0.0000 C   0  0  0  0  0  0  0  0  0  0  0  0
 11 12  1  0
 13 14  1  0
  2  3  1  0
  3  4  1  0
  4  5  1  0
  5  6  2  0
  7  8  1  0
 13  8  2  0
 13 18  1  0
 14 15  1  0
 15 16  1  0
 16 17  1  0
 17 18  2  0
  7  2  2  0
 16 19  1  0
  1 14  2  0
 16 20  1  0
  1  2  1  0
  6 21  1  0
 21 22  1  0
  1  6  1  0
 22 23  1  0
  7 12  1  0
  4 24  2  0
  8  9  1  0
 12 25  1  1
  9 10  1  0
 11 26  1  6
 10 11  1  0
 10 27  1  1
M  END
> <chembl_id>
CHEMBL267447

> <chembl_pref_name>
CALANOLIDE A|standard_inchi:InChI=1S/C22H26O5/c1-6-7-13-10-15(23)26-21-16(13)20-14(8-9-22(4,5)27-20)19-17(21)18(24)11(2)12(3)25-19/h8-12,18,24H,6-7H2,1-5H3/t11-,12-,18+/m1/s1|standard_inchi_key:NIDRYBLTWYFCFV-FMTVUPSXSA-N",active_chembl_id:chembl267447|molecule_chembl_id:chembl267447|parent_chembl_id:chembl267447,,molecule_synonym:calanolide a|syn_type:other|synonyms:calanolide a|molecule_synonym:nsc-650886|syn_type:research_code|synonyms:nsc-650886,,,,5802f653332779f37201940f1e80b963339addaed58fba8a3d435432a8a31440,9b8a1a91a1c47054e2d864f690e1e81c74d8df71400704384d944a027db14a69,0,ChEMBL_36,2025-12-05T16:20:07.089457+00:00
CHEMBL283509,,small molecule,,mol,alogp:3.45|aromatic_rings:2|full_molformula:c28h32o8|full_mwt:496.56|hba:8|hbd:2|heavy_atoms:36|mw_freebase:496.56|np_likeness_score:1.88|num_ro5_violations:0|psa:115.43|qed_weighted:0.66|ro3_pass:n|rtb:3,"canonical_smiles:COc1ccc(-c2cc3c(c(=O)o2)C[C@]2(O)[C@@]4(C)C(=O)C=CC(C)(C)[C@]4(O)CC[C@@]2(C)O3)cc1OC|molfile:
     RDKit          2D

 36 40  0  0  1  0  0  0  0  0999 V2000
   -0.7083   -2.3667    0.0000 C   0  0  0  0  0  0  0  0  0  0  0  0
    0.0042   -1.9542    0.0000 C   0  0  0  0  0  0  0  0  0  0  0  0
    0.7375   -0.7250    0.0000 C   0  0  0  0  0  0  0  0  0  0  0  0
    1.4500   -1.1500    0.0000 C   0  0  0  0  0  0  0  0  0  0  0  0
   -0.7125   -3.1917    0.0000 C   0  0  0  0  0  0  0  0  0  0  0  0
    0.7167   -2.3792    0.0000 C   0  0  0  0  0  0  0  0  0  0  0  0
    0.7417    0.1083    0.0000 C   0  0  0  0  0  0  0  0  0  0  0  0
    2.1667   -0.7417    0.0000 C   0  0  0  0  0  0  0  0  0  0  0  0
    2.1792    0.0833    0.0000 C   0  0  0  0  0  0  0  0  0  0  0  0
    1.4375   -1.9750    0.0000 O   0  0  0  0  0  0  0  0  0  0  0  0
    0.0125   -1.1292    0.0000 C   0  0  0  0  0  0  0  0  0  0  0  0
    1.4667    0.5083    0.0000 O   0  0  0  0  0  0  0  0  0  0  0  0
   -1.4208   -1.9542    0.0000 C   0  0  0  0  0  0  0  0  0  0  0  0
   -1.4208   -3.6042    0.0000 C   0  0  0  0  0  0  0  0  0  0  0  0
    2.9042    0.4875    0.0000 C   0  0  0  0  0  0  0  0  0  0  0  0
   -2.1333   -3.1917    0.0000 C   0  0  0  0  0  0  0  0  0  0  0  0
   -2.1333   -2.3667    0.0000 C   0  0  0  0  0  0  0  0  0  0  0  0
    0.0000   -3.6042    0.0000 C   0  0  0  0  0  0  0  0  0  0  0  0
    3.6125    0.0625    0.0000 C   0  0  0  0  0  0  0  0  0  0  0  0
    4.3292    0.4625    0.0000 C   0  0  0  0  0  0  0  0  0  0  0  0
    0.7167   -3.2000    0.0000 C   0  0  0  0  0  0  0  0  0  0  0  0
    0.0250    0.5208    0.0000 O   0  0  0  0  0  0  0  0  0  0  0  0
    4.3417    1.2875    0.0000 C   0  0  0  0  0  0  0  0  0  0  0  0
    0.0000   -2.7792    0.0000 O   0  0  0  0  0  0  0  0  0  0  0  0
   -1.4208   -1.1292    0.0000 O   0  0  0  0  0  0  0  0  0  0  0  0
    2.9125    1.3083    0.0000 C   0  0  0  0  0  0  0  0  0  0  0  0
   -0.7208   -4.0167    0.0000 O   0  0  0  0  0  0  0  0  0  0  0  0
    3.6292    1.7125    0.0000 C   0  0  0  0  0  0  0  0  0  0  0  0
   -0.7125   -1.5417    0.0000 C   0  0  0  0  0  0  0  0  0  0  0  0
    0.7125   -1.5542    0.0000 C   0  0  0  0  0  0  0  0  0  0  0  0
    5.0375    0.0458    0.0000 O   0  0  0  0  0  0  0  0  0  0  0  0
    5.0667    1.6958    0.0000 O   0  0  0  0  0  0  0  0  0  0  0  0
   -2.0083   -4.1875    0.0000 C   0  0  0  0  0  0  0  0  0  0  0  0
   -1.4250   -4.4292    0.0000 C   0  0  0  0  0  0  0  0  0  0  0  0
    5.7542    0.4458    0.0000 C   0  0  0  0  0  0  0  0  0  0  0  0
    5.0750    2.5208    0.0000 C   0  0  0  0  0  0  0  0  0  0  0  0
  2  1  1  0
  3 11  1  0
  4  3  2  0
  5  1  1  0
  6  2  1  0
  7  3  1  0
  8  4  1  0
  9 12  1  0
 10  6  1  0
 11  2  1  0
 12  7  1  0
 13  1  1  0
 14  5  1  0
 15  9  1  0
 16 17  2  0
 17 13  1  0
 18  5  1  0
 19 15  2  0
 20 19  1  0
 21 18  1  0
 22  7  2  0
 23 28  1  0
  2 24  1  6
 25 13  2  0
 26 15  1  0
  5 27  1  6
 28 26  2  0
  1 29  1  1
  6 30  1  1
 31 20  1  0
 32 23  1  0
 33 14  1  0
 34 14  1  0
 35 31  1  0
 36 32  1  0
 14 16  1  0
  6 21  1  0
 10  4  1  0
  8  9  2  0
 20 23  2  0
M  END
> <chembl_id>
CHEMBL283509

> <chembl_pref_name>
None|standard_inchi:InChI=1S/C28H32O8/c1-24(2)10-9-22(29)26(4)27(24,31)12-11-25(3)28(26,32)15-17-20(36-25)14-19(35-23(17)30)16-7-8-18(33-5)21(13-16)34-6/h7-10,13-14,31-32H,11-12,15H2,1-6H3/t25-,26+,27-,28-/m1/s1|standard_inchi_key:MIHBCQWIBJDVPX-JUDWXZBOSA-N",active_chembl_id:chembl283509|molecule_chembl_id:chembl283509|parent_chembl_id:chembl283509,,,,,,332492dfda5e582e70f0822db98e256e47f647d4f549bdfb9fcead2aa81a0782,a718afa7f5535cc4b8450f987994c77cb26639b22685b73889f6e1401afd0150,1,ChEMBL_36,2025-12-05T16:20:07.089457+00:00
CHEMBL296435,(+)-ehna,small molecule,,mol,alogp:2.30|aromatic_rings:2|full_molformula:c14h23n5o|full_mwt:277.37|hba:6|hbd:2|heavy_atoms:20|mw_freebase:277.37|np_likeness_score:0.00|num_ro5_violations:0|psa:89.85|qed_weighted:0.76|ro3_pass:n|rtb:7,"canonical_smiles:CCCCCC[C@H]([C@H](C)O)n1cnc2c(N)ncnc21|molfile:
     RDKit          2D

 22 23  0  0  1  0  0  0  0  0999 V2000
    3.9817    1.0425    0.0000 O   0  0  0  0  0  0  0  0  0  0  0  0
    4.5218   -0.5166    0.0000 N   0  0  0  0  0  0  0  0  0  0  0  0
    4.0025   -1.7463    0.0000 N   0  0  0  0  0  0  0  0  0  0  0  0
    3.2021    0.2117    0.0000 N   0  0  0  0  0  0  0  0  0  0  0  0
    2.0625   -0.6503    0.0000 N   0  0  0  0  0  0  0  0  0  0  0  0
    2.2393   -2.0683    0.0000 N   0  0  0  0  0  0  0  0  0  0  0  0
    5.0619    0.1071    0.0000 C   0  0  0  0  0  0  0  0  0  0  0  0
    3.6998   -0.4462    0.0000 C   0  0  0  0  0  0  0  0  0  0  0  0
    4.7919    0.8866    0.0000 C   0  0  0  0  0  0  0  0  0  0  0  0
    3.3789   -1.2062    0.0000 C   0  0  0  0  0  0  0  0  0  0  0  0
    4.7089   -1.3201    0.0000 C   0  0  0  0  0  0  0  0  0  0  0  0
    5.8720   -0.0488    0.0000 C   0  0  0  0  0  0  0  0  0  0  0  0
    2.5602   -1.3083    0.0000 C   0  0  0  0  0  0  0  0  0  0  0  0
    2.3834    0.1097    0.0000 C   0  0  0  0  0  0  0  0  0  0  0  0
    5.3320    1.5103    0.0000 C   0  0  0  0  0  0  0  0  0  0  0  0
    6.4121    0.5748    0.0000 C   0  0  0  0  0  0  0  0  0  0  0  0
    7.2223    0.4189    0.0000 C   0  0  0  0  0  0  0  0  0  0  0  0
    7.7624    1.0425    0.0000 C   0  0  0  0  0  0  0  0  0  0  0  0
    8.5725    0.8866    0.0000 C   0  0  0  0  0  0  0  0  0  0  0  0
    9.1126    1.5103    0.0000 C   0  0  0  0  0  0  0  0  0  0  0  0
    4.5415    0.7472    0.0000 H   0  0  0  0  0  0  0  0  0  0  0  0
    4.2518    0.2630    0.0000 H   0  0  0  0  0  0  0  0  0  0  0  0
  9  1  1  1
  2  7  1  0
  2  8  1  0
  2 11  1  0
  3 10  1  0
  3 11  2  0
  4  8  1  0
  4 14  2  0
  5 13  2  0
  5 14  1  0
  6 13  1  0
  7  9  1  0
  7 12  1  0
  7 21  1  6
  8 10  2  0
  9 15  1  0
  9 22  1  6
 10 13  1  0
 12 16  1  0
 16 17  1  0
 17 18  1  0
 18 19  1  0
 19 20  1  0
M  END
> <chembl_id>
CHEMBL296435

> <chembl_pref_name>
(+)-EHNA|standard_inchi:InChI=1S/C14H23N5O/c1-3-4-5-6-7-11(10(2)20)19-9-18-12-13(15)16-8-17-14(12)19/h8-11,20H,3-7H2,1-2H3,(H2,15,16,17)/t10-,11+/m0/s1|standard_inchi_key:IOSAAWHGJUZBOG-WDEREUQCSA-N",active_chembl_id:chembl296435|molecule_chembl_id:chembl296435|parent_chembl_id:chembl296435,,,,,,14d70c37034920d5cc69b5281eccab74eb7eece9a372278ebac4b30b839eea2b,f6db0c0e6c1123b2598ae262382692318c5c2f7118201aaedcac9b8dd959834c,2,ChEMBL_36,2025-12-05T16:20:07.089457+00:00
CHEMBL508781,,small molecule,,mol,alogp:6.56|aromatic_rings:4|full_molformula:c36h38n2o6|full_mwt:594.71|hba:8|hbd:2|heavy_atoms:44|mw_freebase:594.71|np_likeness_score:1.95|num_ro5_violations:2|psa:83.86|qed_weighted:0.27|ro3_pass:n|rtb:2,"canonical_smiles:COc1cc2c3cc1Oc1c(O)c(OC)cc4c1[C@H](Cc1ccc(cc1)Oc1cc(ccc1O)C[C@H]3N(C)CC2)N(C)CC4|molfile:
     RDKit          2D

 46 52  0  0  0  0  0  0  0  0999 V2000
   16.1209  -24.4598    0.0000 C   0  0  0  0  0  0  0  0  0  0  0  0
   16.1209  -25.2835    0.0000 N   0  0  0  0  0  0  0  0  0  0  0  0
   16.8321  -25.6933    0.0000 C   0  0  0  0  0  0  0  0  0  0  0  0
   16.8321  -24.0416    0.0000 C   0  0  0  0  0  0  0  0  0  0  0  0
   17.5473  -24.4598    0.0000 C   0  0  0  0  0  0  0  0  0  0  0  0
   17.5449  -25.2849    0.0000 C   0  0  0  0  0  0  0  0  0  0  0  0
   18.2586  -25.6949    0.0000 C   0  0  0  0  0  0  0  0  0  0  0  0
   18.9712  -25.2854    0.0000 C   0  0  0  0  0  0  0  0  0  0  0  0
   18.9676  -24.4555    0.0000 C   0  0  0  0  0  0  0  0  0  0  0  0
   18.2573  -24.0471    0.0000 C   0  0  0  0  0  0  0  0  0  0  0  0
   19.6847  -24.0402    0.0000 O   0  0  0  0  0  0  0  0  0  0  0  0
   19.6807  -23.2122    0.0000 C   0  0  0  0  0  0  0  0  0  0  0  0
   15.4028  -25.7012    0.0000 C   0  0  0  0  0  0  0  0  0  0  0  0
   16.8339  -26.5213    0.0000 C   0  0  0  0  0  0  0  0  0  0  0  0
   17.5496  -26.9317    0.0000 C   0  0  0  0  0  0  0  0  0  0  0  0
   17.5485  -27.7566    0.0000 C   0  0  0  0  0  0  0  0  0  0  0  0
   18.2672  -28.1710    0.0000 C   0  0  0  0  0  0  0  0  0  0  0  0
   18.9826  -27.7574    0.0000 C   0  0  0  0  0  0  0  0  0  0  0  0
   18.9768  -26.9229    0.0000 C   0  0  0  0  0  0  0  0  0  0  0  0
   18.2614  -26.5184    0.0000 C   0  0  0  0  0  0  0  0  0  0  0  0
   19.6992  -28.1663    0.0000 O   0  0  0  0  0  0  0  0  0  0  0  0
   19.6933  -26.5091    0.0000 O   0  0  0  0  0  0  0  0  0  0  0  0
   20.5183  -26.4975    0.0000 C   0  0  0  0  0  0  0  0  0  0  0  0
   24.6224  -25.0082    0.0000 C   0  0  0  0  0  0  0  0  0  0  0  0
   24.2187  -25.7294    0.0000 N   0  0  0  0  0  0  0  0  0  0  0  0
   23.3980  -25.7402    0.0000 C   0  0  0  0  0  0  0  0  0  0  0  0
   24.1997  -24.2963    0.0000 C   0  0  0  0  0  0  0  0  0  0  0  0
   23.3765  -24.3159    0.0000 C   0  0  0  0  0  0  0  0  0  0  0  0
   22.9762  -25.0359    0.0000 C   0  0  0  0  0  0  0  0  0  0  0  0
   22.1528  -25.0476    0.0000 C   0  0  0  0  0  0  0  0  0  0  0  0
   22.9554  -23.6094    0.0000 C   0  0  0  0  0  0  0  0  0  0  0  0
   24.6425  -26.4407    0.0000 C   0  0  0  0  0  0  0  0  0  0  0  0
   22.9948  -26.4641    0.0000 C   0  0  0  0  0  0  0  0  0  0  0  0
   22.1678  -26.4768    0.0000 C   0  0  0  0  0  0  0  0  0  0  0  0
   21.7699  -27.1936    0.0000 C   0  0  0  0  0  0  0  0  0  0  0  0
   20.9406  -27.2089    0.0000 C   0  0  0  0  0  0  0  0  0  0  0  0
   20.9275  -25.7728    0.0000 C   0  0  0  0  0  0  0  0  0  0  0  0
   21.7514  -25.7650    0.0000 C   0  0  0  0  0  0  0  0  0  0  0  0
   19.6868  -25.6963    0.0000 O   0  0  0  0  0  0  0  0  0  0  0  0
   21.7273  -24.3439    0.0000 C   0  0  0  0  0  0  0  0  0  0  0  0
   22.1323  -23.6215    0.0000 C   0  0  0  0  0  0  0  0  0  0  0  0
   20.9024  -24.3574    0.0000 O   0  0  0  0  0  0  0  0  0  0  0  0
   21.7101  -22.9127    0.0000 O   0  0  0  0  0  0  0  0  0  0  0  0
   22.1128  -22.1927    0.0000 C   0  0  0  0  0  0  0  0  0  0  0  0
   16.1125  -26.1000    0.0000 H   0  0  0  0  0  0  0  0  0  0  0  0
   23.8042  -26.4500    0.0000 H   0  0  0  0  0  0  0  0  0  0  0  0
  6  7  1  0
  7  8  2  0
  8  9  1  0
  9 10  2  0
 10  5  1  0
  9 11  1  0
 11 12  1  0
  2 13  1  0
  3 14  1  0
 14 15  1  0
 15 16  2  0
 16 17  1  0
 17 18  2  0
 18 19  1  0
 19 20  2  0
 20 15  1  0
 18 21  1  0
 19 22  1  0
 22 23  1  0
 24 25  1  0
 24 27  1  0
 25 26  1  0
 26 29  1  0
 28 27  1  0
 28 29  2  0
 29 30  1  0
 30 40  2  0
 41 31  2  0
 31 28  1  0
 25 32  1  0
 26 33  1  0
 33 34  1  0
 34 35  2  0
 35 36  1  0
 36 23  2  0
 23 37  1  0
 37 38  2  0
 38 34  1  0
  8 39  1  0
 39 30  1  0
 40 41  1  0
  1  2  1  0
  1  4  1  0
 40 42  1  0
  2  3  1  0
 41 43  1  0
  3  6  1  0
 43 44  1  0
  5  4  1  0
  3 45  1  6
  5  6  2  0
 26 46  1  6
M  END
> <chembl_id>
CHEMBL508781

> <chembl_pref_name>
None|standard_inchi:InChI=1S/C36H38N2O6/c1-37-13-11-23-18-31(41-3)32-20-26(23)27(37)16-22-7-10-29(39)30(17-22)43-25-8-5-21(6-9-25)15-28-34-24(12-14-38(28)2)19-33(42-4)35(40)36(34)44-32/h5-10,17-20,27-28,39-40H,11-16H2,1-4H3/t27-,28+/m1/s1|standard_inchi_key:LFFQVHXIFJLJSP-IZLXSDGUSA-N",active_chembl_id:chembl508781|molecule_chembl_id:chembl508781|parent_chembl_id:chembl508781,,,,,,ebe4a252da4edd4ff096a0acdc23eb5b5429e9b799b797370b02c43393458392,fd630eb3e9abb494054bb82b29c9db1767d0042c57cf1f6b35f0435f51fce43c,7,ChEMBL_36,2025-12-05T16:20:07.089457+00:00
CHEMBL81421,(+)-alpha-tocopheryl succinate,small molecule,,mol,alogp:8.90|aromatic_rings:1|full_molformula:c33h54o5|full_mwt:530.79|hba:4|hbd:1|heavy_atoms:38|mw_freebase:530.79|np_likeness_score:1.20|num_ro5_violations:2|psa:72.83|qed_weighted:0.17|ro3_pass:n|rtb:16,"canonical_smiles:Cc1c(C)c2c(c(C)c1OC(=O)CCC(=O)O)CC[C@@](C)(CCC[C@H](C)CCC[C@H](C)CCCC(C)C)O2|molfile:
     RDKit          2D

 38 39  0  0  0  0  0  0  0  0999 V2000
    0.0611    1.4542    0.0000 C   0  0  0  0  0  0  0  0  0  0  0  0
    0.0599    0.6268    0.0000 C   0  0  0  0  0  0  0  0  0  0  0  0
    0.7747    0.2140    0.0000 C   0  0  0  0  0  0  0  0  0  0  0  0
    0.7729    1.8670    0.0000 C   0  0  0  0  0  0  0  0  0  0  0  0
    1.4883    1.4578    0.0000 C   0  0  0  0  0  0  0  0  0  0  0  0
    1.4871    0.6248    0.0000 C   0  0  0  0  0  0  0  0  0  0  0  0
    2.2040    0.2095    0.0000 C   0  0  0  0  0  0  0  0  0  0  0  0
    2.9267    0.6227    0.0000 C   0  0  0  0  0  0  0  0  0  0  0  0
    2.9279    1.4558    0.0000 C   0  0  0  0  0  0  0  0  0  0  0  0
    2.2064    1.8756    0.0000 O   0  0  0  0  0  0  0  0  0  0  0  0
   -0.6535    1.8665    0.0000 C   0  0  0  0  0  0  0  0  0  0  0  0
    0.7705    2.6920    0.0000 C   0  0  0  0  0  0  0  0  0  0  0  0
    0.7744   -0.6110    0.0000 C   0  0  0  0  0  0  0  0  0  0  0  0
    3.6433    1.8665    0.0000 C   0  0  0  0  0  0  0  0  0  0  0  0
    4.3568    1.4523    0.0000 C   0  0  0  0  0  0  0  0  0  0  0  0
    2.9208    2.2833    0.0000 C   0  0  0  0  0  0  0  0  0  0  0  0
    5.0723    1.8630    0.0000 C   0  0  0  0  0  0  0  0  0  0  0  0
    5.7857    1.4488    0.0000 C   0  0  0  0  0  0  0  0  0  0  0  0
    5.7837    0.6238    0.0000 C   0  0  0  0  0  0  0  0  0  0  0  0
    6.5012    1.8595    0.0000 C   0  0  0  0  0  0  0  0  0  0  0  0
    7.2147    1.4453    0.0000 C   0  0  0  0  0  0  0  0  0  0  0  0
    7.9302    1.8560    0.0000 C   0  0  0  0  0  0  0  0  0  0  0  0
    8.6436    1.4418    0.0000 C   0  0  0  0  0  0  0  0  0  0  0  0
    9.3591    1.8525    0.0000 C   0  0  0  0  0  0  0  0  0  0  0  0
    8.6416    0.6168    0.0000 C   0  0  0  0  0  0  0  0  0  0  0  0
   10.0726    1.4383    0.0000 C   0  0  0  0  0  0  0  0  0  0  0  0
   10.7880    1.8490    0.0000 C   0  0  0  0  0  0  0  0  0  0  0  0
   11.5015    1.4348    0.0000 C   0  0  0  0  0  0  0  0  0  0  0  0
   12.2170    1.8455    0.0000 C   0  0  0  0  0  0  0  0  0  0  0  0
   11.4995    0.6098    0.0000 C   0  0  0  0  0  0  0  0  0  0  0  0
   -0.6549    0.2149    0.0000 O   0  0  0  0  0  0  0  0  0  0  0  0
   -1.3690    0.6280    0.0000 C   0  0  0  0  0  0  0  0  0  0  0  0
   -2.0838    0.2160    0.0000 C   0  0  0  0  0  0  0  0  0  0  0  0
   -1.3684    1.4530    0.0000 O   0  0  0  0  0  0  0  0  0  0  0  0
   -2.7980    0.6291    0.0000 C   0  0  0  0  0  0  0  0  0  0  0  0
   -3.5128    0.2172    0.0000 C   0  0  0  0  0  0  0  0  0  0  0  0
   -4.2269    0.6302    0.0000 O   0  0  0  0  0  0  0  0  0  0  0  0
   -3.5134   -0.6078    0.0000 O   0  0  0  0  0  0  0  0  0  0  0  0
  6  7  1  0
 18 19  1  1
  7  8  1  0
 18 20  1  0
  8  9  1  0
 20 21  1  0
  9 10  1  0
 21 22  1  0
  5  6  1  0
 22 23  1  0
  1 11  1  0
 23 24  1  0
 23 25  1  1
  4 12  1  0
 24 26  1  0
  2  3  1  0
 26 27  1  0
  3 13  1  0
 27 28  1  0
  3  6  2  0
 28 29  1  0
  9 14  1  6
 28 30  1  0
  1  2  2  0
  2 31  1  0
 14 15  1  0
 31 32  1  0
  5  4  2  0
 32 33  1  0
  9 16  1  0
 32 34  2  0
  4  1  1  0
 33 35  1  0
 15 17  1  0
 35 36  1  0
  5 10  1  0
 36 37  2  0
 17 18  1  0
 36 38  1  0
M  END
> <chembl_id>
CHEMBL81421

> <chembl_pref_name>
(+)-ALPHA-TOCOPHERYL SUCCINATE|standard_inchi:InChI=1S/C33H54O5/c1-22(2)12-9-13-23(3)14-10-15-24(4)16-11-20-33(8)21-19-28-27(7)31(25(5)26(6)32(28)38-33)37-30(36)18-17-29(34)35/h22-24H,9-21H2,1-8H3,(H,34,35)/t23-,24-,33-/m1/s1|standard_inchi_key:IELOKBJPULMYRW-NJQVLOCASA-N",active_chembl_id:chembl81421|molecule_chembl_id:chembl81421|parent_chembl_id:chembl81421,,,,,,da1ada9cd5190bdbea492ff1e56a9adc8f29c35d742101e834727f359bfcb6b1,45507a9f64ddca5464e854116eb1b5937d989e916e079bfc1887ce471d0f7cde,3,ChEMBL_36,2025-12-05T16:20:07.089457+00:00
